{"cameraMode":{"drawMode":0,"name":"Shaded","section":"Shading Mode"},"sceneLighting":false,"audioPlay":false,"sceneViewState":{"showFog":false,"showMaterialUpdate":false,"showSkybox":false,"showFlares":false,"showImageEffects":false,"showParticleSystems":false},"in2DMode":false,"pivot":{"x":-0.11169707775115967,"y":-0.22041642665863038,"z":2.510132074356079},"rotation":{"x":0.0028063198551535608,"y":0.9910708665847778,"z":-0.02112291380763054,"w":0.13219743967056275},"size":1.4633872509002686,"orthographic":false}