{"cameraMode":{"drawMode":0,"name":"Shaded","section":"Shading Mode"},"sceneLighting":false,"audioPlay":false,"sceneViewState":{"showFog":false,"showMaterialUpdate":false,"showSkybox":false,"showFlares":false,"showImageEffects":false,"showParticleSystems":false},"in2DMode":false,"pivot":{"x":0.5556103587150574,"y":-9.919526100158692,"z":-15.479501724243164},"rotation":{"x":0.04866393283009529,"y":0.947928249835968,"z":-0.17720383405685426,"w":0.260231614112854},"size":1.5659345388412476,"orthographic":false}