{"cameraMode":{"drawMode":0,"name":"Shaded","section":"Shading Mode"},"sceneLighting":false,"audioPlay":false,"sceneViewState":{"showFog":false,"showMaterialUpdate":false,"showSkybox":false,"showFlares":false,"showImageEffects":false,"showParticleSystems":false},"in2DMode":false,"pivot":{"x":-1.1999998092651368,"y":-12.448196411132813,"z":-20.75542449951172},"rotation":{"x":-0.012726405635476113,"y":0.9834023118019104,"z":-0.16556791961193086,"w":-0.07476635277271271},"size":67.53784942626953,"orthographic":false}