{"cameraMode":{"drawMode":0,"name":"Shaded","section":"Shading Mode"},"sceneLighting":true,"audioPlay":false,"sceneViewState":{"showFog":false,"showMaterialUpdate":false,"showSkybox":false,"showFlares":false,"showImageEffects":false,"showParticleSystems":false},"in2DMode":false,"pivot":{"x":2.9100000858306886,"y":-8.765000343322754,"z":-16.757999420166017},"rotation":{"x":-0.03932490199804306,"y":-0.2664879262447357,"z":0.010867136530578137,"w":-0.9630261659622192},"size":9.032562255859375,"orthographic":false}