{"cameraMode":{"drawMode":0,"name":"Shaded","section":"Shading Mode"},"sceneLighting":false,"audioPlay":false,"sceneViewState":{"showFog":false,"showMaterialUpdate":false,"showSkybox":false,"showFlares":false,"showImageEffects":false,"showParticleSystems":false},"in2DMode":false,"pivot":{"x":390.80682373046877,"y":83.72198486328125,"z":289.7905578613281},"rotation":{"x":0.07491563260555268,"y":-0.44133010506629946,"z":-0.03711383417248726,"w":-0.8935402035713196},"size":527.5441284179688,"orthographic":false}