{"cameraMode":{"drawMode":0,"name":"Shaded","section":"Shading Mode"},"sceneLighting":false,"audioPlay":false,"sceneViewState":{"showFog":false,"showMaterialUpdate":false,"showSkybox":false,"showFlares":false,"showImageEffects":false,"showParticleSystems":false},"in2DMode":false,"pivot":{"x":0.1352655440568924,"y":-9.996370315551758,"z":-16.386878967285158},"rotation":{"x":0.06088293343782425,"y":-0.6890560984611511,"z":0.058186840265989307,"w":0.7199259400367737},"size":1.3545066118240357,"orthographic":false}