{"cameraMode":{"drawMode":0,"name":"Shaded","section":"Shading Mode"},"sceneLighting":false,"audioPlay":false,"sceneViewState":{"showFog":false,"showMaterialUpdate":false,"showSkybox":false,"showFlares":false,"showImageEffects":false,"showParticleSystems":false},"in2DMode":false,"pivot":{"x":0.1836472600698471,"y":0.08613394945859909,"z":-0.5798595547676086},"rotation":{"x":-0.0074725039303302769,"y":-0.9761546850204468,"z":0.2145063728094101,"w":-0.03401700034737587},"size":2.168510675430298,"orthographic":false}